name,lr,batch_size,aug,best_val_dice,best_epoch,final_lr,num_epochs_ran,time_s
exp_1,0.001,4,basic,0.8057447238401934,2,0.0005,4,571.5826396942139
exp_2,0.0003,8,moderate,0.8627721807535957,3,0.00015,5,721.231424331665
exp_3,0.0001,8,strong,0.9212434326901155,8,0.0001,8,1159.544023990631
