{
  "n_pairs": 200,
  "pearson_r": 0.8142657312084576,
  "pearson_p": 1.182761126770773e-48,
  "spearman_r": 0.8581429535738395,
  "spearman_p": 3.0959874549385455e-59,
  "mae": 0.0233559861243831,
  "rmse": 0.02735224291266118,
  "mean_diff": -0.021701733008293266,
  "sd_diff": 0.01669050152017468,
  "loa_lower": -0.05441511598783565,
  "loa_upper": 0.01101164997124911
}