Metric,Value
Avg Dice,0.9084928026583436
Avg IoU,0.8355035450667176
Avg Sens,0.8570229745730488
Avg Spec,0.9996239706596252
Global Dice,0.9097169207121232
Global IoU,0.8343859846988625
Global Sens,0.8538969743967906
Global Spec,0.9996230599550556
